<?xml version="1.0" encoding="utf-8"?>
<!DOCTYPE hibernate-configuration PUBLIC
"-//Hibernate/Hibernate Configuration DTD 3.0//EN"
"http://hibernate.sourceforge.net/hibernate-configuration-3.0.dtd">
<hibernate-configuration>
    <session-factory name="sf">
        <property name="hibernate.bytecode.use_reflection_optimizer">false</property>
        <property name="hibernate.connection.driver_class">com.mysql.jdbc.Driver</property>
        <property name="hibernate.connection.password"></property>
        <property name="hibernate.connection.url">jdbc:mysql://localhost:3306/driving_school</property>
        <property name="hibernate.connection.username">root</property>
        <property name="hibernate.dialect">org.hibernate.dialect.MySQLDialect</property>
        
        <mapping class="pojo.Courses" />
        <mapping class="pojo.Pricing" />
        <mapping class="pojo.Enquiry" />
        <mapping class="pojo.Admin" />
        <mapping class="pojo.Contact" />
        <mapping class="pojo.Instructors" />
        <mapping class="pojo.User"/>
    </session-factory>
</hibernate-configuration>
