<?xml version="1.0"?>
<!DOCTYPE hibernate-mapping PUBLIC "-//Hibernate/Hibernate Mapping DTD 3.0//EN"
"http://hibernate.sourceforge.net/hibernate-mapping-3.0.dtd">
<!-- Generated 13 Feb, 2023 4:39:29 PM by Hibernate Tools 3.4.0.CR1 -->
<hibernate-mapping>
    <class name="pojo.Admin" table="admin" catalog="driving_school">
        <id name="id" type="java.lang.Integer">
            <column name="id" />
            <generator class="identity" />
        </id>
        <property name="name" type="string">
            <column name="name" length="60" />
        </property>
        <property name="email" type="string">
            <column name="email" length="200" />
        </property>
        <property name="contact" type="string">
            <column name="contact" length="10" />
        </property>
        <property name="password" type="string">
            <column name="password" length="150" />
        </property>
    </class>
</hibernate-mapping>
