<?xml version="1.0"?>
<!DOCTYPE hibernate-mapping PUBLIC "-//Hibernate/Hibernate Mapping DTD 3.0//EN"
"http://hibernate.sourceforge.net/hibernate-mapping-3.0.dtd">
<!-- Generated 13 Feb, 2023 4:39:29 PM by Hibernate Tools 3.4.0.CR1 -->
<hibernate-mapping>
    <class name="pojo.Pricing" table="pricing" catalog="driving_school">
        <id name="id" type="java.lang.Integer">
            <column name="id" />
            <generator class="identity" />
        </id>
        <property name="coursename" type="string">
            <column name="coursename" length="100" />
        </property>
        <property name="plan" type="string">
            <column name="plan" length="100" />
        </property>
        <property name="price" type="java.lang.Integer">
            <column name="price" />
        </property>
    </class>
</hibernate-mapping>
